textname,urlname,textpitch,textsummary,textindustry,textstage,Location,Funding Stage,Capital Seeking,Currency,Security Type,Pre-Money Valuation,Valuation Cap,Conversion Discount,Interest Rate,Term Length (months),Previous Capital,Deal Labels,Deal Leads,Observing Investors,Considering Investors,Committed Investors,Invested Investors,Not Interested Investors,Aggregate Rating,Created On,Additional Questions
FlexCharging,http://gust.com/deals/1108344,"We manage electric vehicle charging, so drivers charge with clean power more cheaply, and electric utilities avoid building new power plants.","FlexCharging shifts when electric vehicles charge to the best time of day to lower prices and reduce carbon emissions. No hardware required. With enough cars, utilities avoid locking in billions on new power plants. Utilities pay drivers to sign up, pay us, and keep rates low. Drivers save money on time-of-use rates & carbon. 4 completed pilots, 2 in progress.
Brian - Worked on Azure Data Lake, shut down a coal plant
Laura - energy trading expert",Clean Technology,Product In Market,"Redmond, WA, US",series_seed,1500000,$,Convertible Note,,8000000,15,5,48,828000,"2021 SAC 19 Semi-Finalists, 2021 SAC 19 Quarter Final, 2021 SAC 19 ",,11,0,0,0,1,3.007575758,02/26/2020,Question: Referred By - Answer:
TypeMatch,http://gust.com/deals/1132141,"The antidote for shallow dating apps. We use personality psychology to help users find long-term, meaningful relationships.",TypeMatch is a relationship app that uses personality psychology to match users and guide them through dating. The app has >18k real downloads and 12k active users in less than a year after the launch of the initial MVP. It is monetized through a  freemium subscription model. We have grown rapidly by leveraging the CEO's influence and understanding of the target market and the CTO's and CMO's years of experience in their respective fields.,Mobile,Product In Market,"Greenville, SC, USA",series_seed,1000000,$,Preferred Equity,5111000,N/A,N/A,N/A,N/A,,2021 SAC 19,,5,0,0,0,0,3.196969697,07/30/2020,Question: Referred By - Answer: Kate Fuller Ghaffari
Rubitection,http://gust.com/deals/1135175,"Our skin health and care management tool provides reliable early assessment, and care management of dermatological and vascular conditions like bedsores.",We empower caregivers to prevent deadly wounds with a low cost skin health assessment and care management tool. Our initial target is deadly bedsores. We addresses this $11 billion healthcare problem by providing a low cost reliable early detection system. A low risk FDA pathway allows a quick path to a $4.2 billion US market. Two recurring revenues from a razor-blade and  SaaS model supports growth to $100M within 6 years of product launch.,Medical Devices and Equipment,Prototype Ready,"Pittsburgh, PA, USA",series_seed,2000000,$,Convertible Note,,7500000,20,7,24,1000000,"2021 SAC 19 Semi-Finalists, 2021 SAC 19 Quarter Final, 2021 SAC 19 ",,14,1,0,0,0,4.055555556,08/16/2020,Question: Referred By - Answer:
Twofold Inc.,http://gust.com/deals/1135665,"We build workspace furniture that works for you. Our flexible home & office solutions respond to changing needs, preserving the ROI and avoiding obsolescence.","The nature of work is changing, yet furniture has not. The pandemic has accelerated this shifting trend. We create the multi-functional, flexible solutions (home & office) that have been missing. Our modular designs respond to changing needs, preserve the financial investment, avoid obsolescence and allow the office owners to respond quickly. We have launched 5 products, have reps in 11 states and US based, on-demand manufacturing that can scale.",Business Products,Full Product Ready,"Portland, OR, USA",series_seed,650000,$,Preferred Equity,5000000,N/A,N/A,N/A,N/A,2000000,"2021 SAC 19 Quarter Final, 2021 SAC 19 ",,3,0,0,0,0,3.531746032,08/19/2020,Question: Referred By - Answer: John Sechrest and Kate Fuller Ghaffari
PerformLive,http://gust.com/deals/1136630,"PerformLive, a purpose-driven community for Creators to monetize their talent and products via interactive live stream & live commerce. ","Seizing on the white-hot opportunity of live streaming commerce we re-imagined our ROAR Augmented Reality IP into a community centric AR rich live commerce platform for creators and sellers, Performlive. 
PerformLive, a purpose-driven community for Creators and Sellers to monetize their talent and products via interactive live stream. It combines the power of live interaction, social selling, live commerce & augmented reality, all in one platform",Internet / Web Services,Prototype Ready,"East Hanover, NJ, USA",series_seed,2000000,$,Preferred Equity,8000000,N/A,N/A,N/A,N/A,2943000,2021 SAC 19,,8,0,0,0,1,3.510416667,08/27/2020,"Question: Referred By - Answer: SaaS Launch Lab, Kate Fuller Ghaffari "
"LendMe, Inc.",http://gust.com/deals/1140777,A peer to peer support platform for college students. Let's Get to Work!,"Hello! We are LendMe! We're a new & efficient peer-to-peer support platform for students to connect with their colleagues for their day-to-day needs. Your college marketplace, all on one application!

Our mobile application, LendMe-Student, focuses on peer-to-peer tutoring. We are also in development to further P2P engagement in additional markets.

Please enjoy the animated video below to catch a glimpse of what we have to offer!

Thank you! ",Education,Full Product Ready,"Seattle, WA, US",series_seed,250000,$,Preferred Equity,1100000,N/A,N/A,N/A,N/A,40000,2021 SAC 19,,0,0,0,0,0,3.555555556,09/22/2020,Question: Referred By - Answer: Washington Technologies & Industry Association. I am a Founders Cohort 4 member.
Relish Health Services,http://gust.com/deals/1141163,"Relish is a fully integrated, tele-health weight loss service that tackles the root causes of obesity so people can lose weight and, finally, keep it off.","Relish offers D2C tele-health weight loss services by subscription.  We are tackling obesity by going after its root causes through a combination of medical intervention (prescription meds), nutrition, fitness and behavioural change (facilitator-led group), woven together with always-on AI chat support.  Relish has assembled a team of some of the world's most experienced front line professionals in obesity management to execute on our vision.",Healthcare Services,Full Product Ready,"Vancouver, BC, Canada",series_seed,500000,$,Common Equity,2000000,N/A,N/A,N/A,N/A,343000,,,0,0,0,0,0,5,09/24/2020,"Question: Referred By - Answer: Mysty Rusk, The Brink SBDC"
K&K Electronic Recycling Co.,http://gust.com/deals/1147735,Making a complicated field SIMPLE for business and consumers.,"Our strategy is to keep it SIMPLE. Electronic recycling for business and consumers is confusing. Most firms charge. Not us!  In fact we aren't selling anything!

 E-CYCLE WA. Our state program. This partnership  stabilizes our supply. Supply is our only variable. 

We know how much precious metal there is per ton of circuitboards. We know the price of gold on any given day. We know our costs. Our market research tells us there is room for us.
",Business Services,Full Product Ready,"Seattle, WA, USA",series_seed,120000,$,Preferred Equity,,N/A,N/A,N/A,N/A,,,,1,0,0,0,0,,11/06/2020,Question: Referred By - Answer:
CareerGig,http://gust.com/deals/1151657,We connect freelancers and the companies that hire them with better quality matches and benefits.,"CareerGig is a freelancer marketplace that connects companies with top tier talent. Connecting freelancers with benefits is key to helping them maintain their independence and consistently remain freelancers. Career Benefits. Gig Lifestyle. Choose Both.  Companies are able to accelerate hiring 1099s with the Verified On-Demand Workforce™. All-in-one recruiting, verification, skills assessment, and placement services. 
",Financial Services,Product In Market,"Arlington, VA, USA",series_seed,2250000,$,N/A,,N/A,N/A,N/A,N/A,152000,,,0,0,0,0,0,2.666666667,11/25/2020,Question: Referred By - Answer: Kate Ghaffari
eTagz.net,http://gust.com/deals/1154136,eTagz Speaks For You When You Cannot,"We are raising our Series Seed Round starting on Nov 16th, 2020

Link to our Investor Pitch Video:  https://youtu.be/prAiVtSTTHc

•	eTagz is a QR Medical ID that comes in the form of QR Medical ID linked to the user's profile on eTagz.net.  In an emergency, the eTagz can be read by a phone camera, and Instantly users MEDWALL (newsfeed) & medical profile & emergency contacts will be available to first responders.

",Medical Devices and Equipment,$500K in TTM Revenue,"Palm Springs, CA, USA",series_seed,1000000,$,Preferred Equity,3500000,N/A,N/A,N/A,N/A,150000,,,1,0,0,0,0,4,12/09/2020,Question: Referred By - Answer:
One Health Group (OHG),http://gust.com/deals/1155104,"OHG is a medical technology innovator with a mission to bring breakthrough health diagnostics, therapeutics, monitoring, and advanced analytics to market.","OHG is a health technology innovator that's initially focused on animal health by leveraging its proven, patented Ultra-WideBand radar technology to translate digital biomarkers into actionable, clinical-grade information. Our solution (Voyce) consists of a noncontact intelligent sensor, which wirelessly communicates actionable health data anywhere, at anytime via a mobile app and cloud-based dashboard. Human health solutions will follow. ",Medical Devices and Equipment,Prototype Ready,"Cazenovia, NY, USA",series_a,3000000,$,Convertible Note,,N/A,N/A,N/A,N/A,2500000,2021 SAC 19,,0,0,0,0,0,2.333333333,12/16/2020,"Question: Referred By - Answer: Faz Bashi, MD"
Portl Inc.,http://gust.com/deals/1156436,PORTL is an innovative tech platform dedicated to empowering creators with equitable tools for monetizing content and building community.,"PORTL is an innovative tech platform dedicated to empowering creators with equitable tools for sharing content and building community. We will be launching V2 of the platform soon, with expanded tools for live streaming, file sharing and monetization. In a time when extractive platforms have devalued creative content and prospered on the backs of creatives, PORTL seeks to utilize technology to empower creativity and reward community contribution.",Software,Product In Market,"Eugene, OR, US",series_seed,450000,$,Convertible Note,,10000000,20,8,36,1425000,2021 SAC 19,,0,0,0,0,0,3.125,12/27/2020,Question: Referred By - Answer:
Mango Tango,http://gust.com/deals/1160532,Wix meets Netflix,"We are building a low-code, AI driven, video streaming platform for creating Pixar-style videos.  

Team: 8 people with expertise in AI and 3d technology.

Problem: Video production is expensive costing $100k/minute for the average TV show.  

Solution: Text-to-video AI software for creating animated videos.

Market: $467B TAM with a $1.6B SOM by 2027

Model: Freemium video streaming service.

Status: Our prototype will be ready by April 2021.",Media and Entertainment,Product In Development,"Austin, TX, USA",series_seed,2500000,$,Convertible Note,,N/A,N/A,N/A,N/A,200000,2021 SAC 19,,2,0,0,0,0,2.962962963,01/27/2021,Question: Referred By - Answer:
Bottley,http://gust.com/deals/1160826,Bottley diagnoses and prevents chronic dehydration by offering tools (hardware/software) that gather user's data to create the notion of adequate hydration.,"With people matter values, Bottley develops innovative tools such as Hydrade smart-water bottle to help people to live healthier lives. 
Founded in 2015 > R&D until 2017 > Found a founding Investor 2018 > Launched a Crowdfunding campaign in 2019 and raised over $100k from 1,900 users with 2,500 unit pre-orders. ",Consumer Products,Full Product Ready,"Seattle, WA, US",series_seed,1500000,$,Convertible Note,,6,N/A,N/A,N/A,79000,,,0,0,0,0,1,,01/28/2021,Question: Referred By - Answer: Kate Fuller Ghaffari
"Diatech Diabetes, Inc.",http://gust.com/deals/1162917,Personalizing Insulin Delivery for Patients with Diabetes,"We implement innovative solutions to empower the lives of patients, families, and communities impacted by diabetes. We are developing SmartFusion: a software system that allows patients and caregivers who use insulin pumps and closed-loop (automatic) insulin delivery systems to monitor insulin infusion for accuracy, be notified of infusion set failure prior to a severe loss of blood sugar control, and receive data for improving infusion habits.",Medical Devices and Equipment,Prototype Ready,"Memphis, TN, USA",series_seed,1300000,$,Convertible Note,,N/A,N/A,N/A,N/A,288000,"2021 SAC 19 Quarter Final, 2021 SAC 19 ",,2,0,0,0,0,3.598484848,02/09/2021,Question: Referred By - Answer:
BabyLiveAdvice,http://gust.com/deals/1163217,"Technology enabled telehealth service supporting maternal-infant care from preconception to early childhood. 
","BabyLiveAdvice (BLA) is a women and nurse founded company with the mission to close the care gaps in maternal childcare and reduce maternal and infant morbidity & mortality. BLA providers deliver compassionate, effective patient focused support to expectant mothers, new parents and those caring for babies. BLA is the only company on the market that addresses maternal child health, as a complete journey addressing every pain point and gap in care.",Healthcare Services,Product In Market,"Los Angeles, CA, USA",series_seed,1000000,$,Preferred Equity,7000000,N/A,N/A,N/A,N/A,,2021 SAC 19,,2,1,0,0,1,2.888888889,02/10/2021,Question: Referred By - Answer: Kate Fuller Ghaffari
Digital Proteomics LLC,http://gust.com/deals/1163282,Digital Proteomics mines the immune response of patients to discover better antibody therapeutics for infectious diseases and cancer.,"We are harnessing the power of the immune system to develop the next generation of antibody therapeutics.  Our antibody discovery technology, Alicanto, creates a comprehensive map of the antibody response to infectious diseases and cancer and identifies therapeutic candidates optimized by the human immune system. We partner with pharmaceutical companies to provide antibody discovery services by mining the antibodies produced by real patients.  

",Biotechnology,$500K in TTM Revenue,"San Diego, CA, USA",series_seed,1525000,$,Convertible Note,,9000000,15,6,18,4407000,"2021 SAC 19 Semi-Finalists, 2021 SAC 19 Quarter Final, 2021 SAC 19 ",,5,0,0,0,0,3.884615385,02/11/2021,Question: Referred By - Answer: Pradnya Desh from Advocat
Sumer Inc.,http://gust.com/deals/1163472,Sumer is a same-day grocery delivery company for ethnic and independent grocers.,"The problem is, small grocery store owners don’t have the resources to create their own online distribution channel or outsource this function. International students and immigrants like myself can’t find the ingredients we need to cook what we’re familiar with. Sumer is a marketplace for independent, ethnic grocers. We give them a chance to compete in this fierce online industry while providing customers the products they’ve been craving. ",Retailing / Distribution,Product In Market,"Toronto, ON, Canada",series_seed,200000,$,Common Equity,500000,N/A,N/A,N/A,N/A,,2021 SAC 19,,1,0,0,0,0,2.895833333,02/12/2021,Question: Referred By - Answer:
Cozera,http://gust.com/deals/1163879,"User controlled verified digital identity for remote & in-person identity verification to improve user experience, protect privacy, deter fraud, save time/money","- Completed pilots with credit unions, launched live service in 1/21
- 3-year service agreements with 3 credit unions; estimated value $1.5M+
- Invited to FinTech program of Boeing Employee Credit Union
- Received non-recurring revenue from five top Oregon credit unions and strategic partner
- Seed round 77% raised as of 1/2021 including $ from Portland Seed Fund as Bend Venture Conf. winner, Westside Fund as Beaverton Startup Challenge winner
",Fintech,Product In Market,"Portland, OR, US",series_seed,750000,$,Convertible Note,,4500000,20,8,24,1175000,"2021 SAC 19 Semi-Finalists, 2021 SAC 19 Quarter Final, 2021 SAC 19 ",,3,1,0,0,0,4.070512821,02/15/2021,Question: Referred By - Answer: Robert Pease
Origen Air,http://gust.com/deals/1164046,The Sign of Health,"Origen Air's smart living air purifiers make investment into health and safety programs profitable for enterprises operating within public spaces. Through fleet leases and digital ad revenues, we supply and maintain air purification hardware, software, and air quality data.  Our clients use Origen Air to build consumer trust and confidence within their facilities and operations. 
",Marketing / Advertising,Prototype Ready,"Victoria, BC, Canada",series_seed,1000000,$,Convertible Note,,7000000,20,8,24,550000,2021 SAC 19,,2,1,0,0,0,3.666666667,02/16/2021,Question: Referred By - Answer: Richard Takai and John Sechrest
"Euphoria.LGBT, Inc",http://gust.com/deals/1164173,Builders of first-in-the-world technology solutions to restore individual agency and dignity to gender transition.,"After building the world's most comprehensive compendium for gender transition, Euphoria's second mobile app, Bliss, is currently in development. Bliss can be most easily thought of as the first neobrokerage for gender transition, helping users to save and grow their money and track it against their individual transition goals. Euphoria will receive a marketing stipend equivalent to 2% of the AUM from our partner brokerage.",Fintech,Product In Market,"Spokane, WA, USA",series_seed,500000,$,Common Equity,3000000,N/A,N/A,N/A,N/A,152500,2021 SAC 19,,3,0,0,0,0,3.305555556,02/17/2021,Question: Referred By - Answer:
BoxedUp,http://gust.com/deals/1164781,"BoxedUp is an on-demand equipment rental marketplace built by an Amazon engineer. Used by Nordstrom, Capital One, and hundreds more with a $260k+ ARR","BoxedUp is the first online rental marketplace that allows equipment owners to ship their gear to customers instead of relying solely on in-person transactions.

We connect owners and renters, and is used by over 165 customers, including Amazon, Nordstrom, and Capital One.

Once scaled, we'll expand into local, in-person rental experiences (e.g. heavy duty construction equipment) becoming the Amazon for rentals, centralizing rentals worldwide.",Consumer Services,Product In Market,"Seattle, WA, USA",series_seed,1500000,$,Convertible Note,,7000000,N/A,N/A,N/A,327000,2021 SAC 19,,0,1,0,0,0,2.922222222,02/21/2021,Question: Referred By - Answer: Kurt Bilafer
Flyte,http://gust.com/deals/1164789,Flyte is an AI based note-taking platform that generates well-organized meeting minutes and action items right after a call.,"Flyte is an AI based note-taking platform that generates well-organized meeting minutes and action items right after a call. Our product saves hours of rework for individuals as well as for businesses. 

Flyte integrates with Zoom, Salesforce, Outlook and other platforms to enable individuals seamlessly share meeting minutes with their team members.",Software,Prototype Ready,"Seattle, WA, USA",series_seed,500000,$,N/A,,N/A,N/A,N/A,N/A,,"2021 SAC 19 Semi-Finalists, 2021 SAC 19 Quarter Final, 2021 SAC 19 ",,7,1,0,0,0,3.916666667,02/21/2021,Question: Referred By - Answer: Thibaut Labarre
Gears Unlimited,http://gust.com/deals/1164809,Gears Unlimited is a global marketplace for DJ/Music equipment.,Gears Unlimited is a global marketplace for DJ gears. This is an app made by DJs for DJs. Our mission is to make dj equipment affordable and accessible to DJs worldwide. Our app will help DJs find the equipment they need that is within their budget in a short amount of time.,Media and Entertainment,Product In Market,"San Francisco, CA, USA",series_seed,200000,$,Convertible Note,,N/A,N/A,N/A,N/A,175000,2021 SAC 19,,1,0,0,0,0,2.472222222,02/22/2021,Question: Referred By - Answer: John Sechrest
voicelove,http://gust.com/deals/1164890,a novel technology that bridges the healthcare communication gap,"We created Voicelove while volunteering in the ICU during the height of the Covid in New York City. Hospitals had no visiting hours, and over and over families said, “Please let my loved one hear my voice.”
We adapted a walkie talkie that we could connect to a cellphone app. Using industrial design, we created a protective case that allowed a seamless transition of VoiceLove into the walls of the hospital. Deficit in communication must be fixed. ",Healthcare Services,Product In Development,"Scarsdale, NY 10583, USA",friends_and_family,1000000,$,Preferred Equity,10000000,N/A,N/A,N/A,N/A,,2021 SAC 19,,1,0,0,0,0,2.583333333,02/22/2021,Question: Referred By - Answer: Aliya Aaron
Chimerocyte Inc,http://gust.com/deals/1164981,Real Actionable Cancer Data Visualization,"Detect and quantify allogeneic cells and DNA at levels of sensitivity unreachable by other detection approaches. Chimerocyte, Inc. uses fluorescent-based real-time quantitative polymerase chain reaction technology for detection. We develop in-house services and create a commercialized kit allowing highly sensitive quantitative chimerism testing for use in clinical diagnostics, as well as for scientific research.",Biotechnology,Product In Development,"Seattle, WA 98111, USA",series_seed,0,$,Preferred Equity,1050000,N/A,N/A,N/A,N/A,,2021 SAC 19,,0,0,0,0,1,2.416666667,02/23/2021,Question: Referred By - Answer: Wesley Johnson
Turtle AiP,http://gust.com/deals/1164988,Empowering family to support elders Aging in Place.,"Seniors prefer to age in place, but family members near or distant need assurance that their elders can stay safe and get the right help when needed. Families subscribe to Turtle to watch over unobtrusively using our app, existing smart home sensors or the Turtle Device. Turtle’s AI engine spots subtle behavioral changes, takes action for urgent needs and coordinates family care--delivering peace of mind to the whole family.",Healthcare Services,Product In Development,"Seattle, WA 98111, USA",friends_and_family,500000,$,Convertible Note,,N/A,20,10,60,50000,2021 SAC 19,,4,0,0,0,0,3.05952381,02/23/2021,Question: Referred By - Answer:
ACTERRA TECH LTD.,http://gust.com/deals/1164994,"A bio agtech solution empowering crop producers to make microbially-enhanced biofertilizers from biodiesel, while farming, eliminating synthetic fertilizers. ","Acterra is the exclusive biostimulant comarketed in NA with the Bio-Agtive Method for crop production.  While producers seed or spray crops, they capture and solubilize biodiesel emissions and simultaneously apply the solution to soil. This system replaces synthetic fertilizer, saves farmers up to $100/acre/year.  No crop system outcompetes on farm profitability or biosequesters CO2 at the unprecedented rate of Bio-Agtive and Acterra's method. ",Agriculture,Full Product Ready,"Vernon, BC, Canada",series_seed,400000,$,Convertible Note,,4000000,10,0,3,,"2021 SAC 19 Semi-Finalists, 2021 SAC 19 Quarter Final, 2021 SAC 19 ",,5,0,0,0,0,3.541666667,02/23/2021,Question: Referred By - Answer: Frank Leffelaar
"Ciari Guitars, Inc.",http://gust.com/deals/1164997,Disruptive music tech enabling stress-free guitar mobility.,"Ciari Guitars is disrupting the guitar industry via a line of folded fretted instruments boasting pro-quality (an industry first) and ""personal item"" convenience (also an industry first) to enable stress-free guitar mobility. We're targeting professional musicians and hobbyists/enthusiasts who travel, with a segmented line of premium and mid-tier models, perfect for air, auto, RV, motorcycle, or boat/yacht. CEO Inventor is also patent attorney! ",Consumer Products,Product In Market,"San Diego, CA 92101, USA",series_seed,1500000,$,Convertible Note,,4500000,20,N/A,N/A,1341500,2021 SAC 19,,3,0,0,0,0,3.659090909,02/23/2021,Question: Referred By - Answer: Dave Malcolm and Dan Dillinger.
Timechain technologies inc.,http://gust.com/deals/1165078,https://www.crunchbase.com/organization/timechain,"The vision is to change the world of finance through innovative products and a strong entrepreneurial culture. Timechain is the solution to the problems of accessibility and cost in the field of currency exchange for large sums of money (average of one hundred thousand dollars). Indeed, the interbank SWIFT system charges much higher rates and with significant delays (4-20 days).",Other,Product In Market,"Montreal, QC H2W, Canada",series_a,5000000,$,Common Equity,20000000,N/A,N/A,N/A,N/A,,2021 SAC 19,,0,1,0,0,0,3.5,02/23/2021,Question: Referred By - Answer:
SurgScan,http://gust.com/deals/1165111,"Placing global medical expertise in the hands of a Provider in need. 
","SurgScan is Smartphone App Platform with the mission of empowering healthcare providers in resource limited, rural, conflict, natural disaster and emergency crises settings with the support, resources, and tools they need to optimize their capacity to treat those with emergent needs and enhance access to emergency, trauma, and surgical care services worldwide through tech-driven & globally collaborative innovation.
",Healthcare Services,Concept Only,"Seattle, WA 98111, USA",series_seed,250000,$,Preferred Equity,0,N/A,N/A,N/A,N/A,2500,2021 SAC 19,,1,0,0,0,0,1.875,02/23/2021,Question: Referred By - Answer: Wes Johnson
"OVAL Digital, Inc.",http://gust.com/deals/1165127,"OVAL is a 5-in-1 smart sensor that monitors and alerts you in real-time to sudden or gradual changes in motion, light, temperature, humidity and water.","OVAL Digital is a smart sensor company that makes indoor home monitoring and awareness accessible, flexible, easy, & personal. From theft, to water leaks, and everything in between, OVAL empowers you to react in real-time - helping you to improve the safety & comfort of loved ones, reduce or prevent damage, conserve energy, save time & money. OVAL sells into B2C and B2B markets focusing on homeowners, renters and property managers.
",Consumer Products,Full Product Ready,"New York, NY, US",series_seed,1500000,$,Convertible Note,,6000000,20,N/A,N/A,950000,2021 SAC 19,,4,1,0,0,0,4.638888889,02/23/2021,Question: Referred By - Answer: Received an email from Wes Johnson
Micro-AV SPC,http://gust.com/deals/1165145,"Micro-AV brings vehicle automation to micro-vehicles, creating better and less expensive solutions to urban transportation.","Micro-AV's affordable, electric, driverless microvehicles aim to replace most city buses and cars in 10-20 years. The MilliPod vehicle platoon costs half as much as the buses it replaces and offers a faster ride. The lead vehicle is professionally driven, but the passenger pods are fully automated. The Millipod never stops to pick up riders; they join on the fly.
Micro-AV's team from UW, Tesla, GM, Segway and Boeing offers autonomy for everyone.
",Transportation,Product In Development,"Seattle, WA, USA",series_seed,200000,$,Common Equity,500000,N/A,N/A,N/A,N/A,150000,2021 SAC 19,,1,0,0,0,0,3,02/23/2021,Question: Referred By - Answer:
Satchl,http://gust.com/deals/1165147,Satchl's patented method enables users to access and enroll in accounts by scanning a single token with participating vendors on public devices.,"Using our patented method, Satchl authenticates users by providing an all-access token to be used with participating vendors in public spaces. 

Our method provides users many benefits: easily share and limit access with household members, no searching or scrolling for the right card, passwordless, vendor customized content for specific users on a shared account.

Our method can also improve vendor data and increase usage of their services.",Other,Full Product Ready,"Seattle, WA, USA",series_seed,200000,$,Convertible Note,,N/A,N/A,N/A,N/A,,2021 SAC 19,,0,0,0,0,1,1.833333333,02/24/2021,Question: Referred By - Answer:
Motis Inc,http://gust.com/deals/1165215,"Enterprise employee development platform that brings individual learning, performance, and work together into one location at scale.","2020 changed the workplace forever. The world is moving towards flexibility. Current people systems are inflexible, expensive, and fail to develop people. Motis Grow works differently.  Grow’s cloud-based employee development platform empowers managers anywhere to understand, develop and upskill every employee in the organization from C-Suite to new hire. The result?  Savings of up to 75%, time back on the calendar, and improved talent retention.",Software,Product In Market,"Seattle, WA, USA",series_seed,2000000,$,Convertible Note,,N/A,N/A,N/A,N/A,335000,2021 SAC 19,,1,0,0,0,0,4.114583333,02/24/2021,Question: Referred By - Answer: WTIA Founders Group
Twishr,http://gust.com/deals/1165234,Twishr is a network marketplace for children's activities that connects Providers and Customers for the greater goal of helping children reach for the stars.,"Twishr is a network marketplace for children's activities -  we connect Providers with Parents and with each other. There is a lot of friction at all these connection points. Millennial Parents , and Millennial Providers want more on user experience, and nothing in the market that solves those friction points. 2020 was year of social activities like Peloton and Strava. We are building Twishr to be the social network for kid's activities. ",Education,Full Product Ready,"Bothell, WA, USA",series_seed,200000,$,Preferred Equity,,N/A,N/A,N/A,N/A,60000,2021 SAC 19,,0,0,0,0,0,3.055555556,02/24/2021,Question: Referred By - Answer:
"Golden SHERPA, Inc.",http://gust.com/deals/1165235,Senior Living communities and people looking for availability in senior living find it frustrating and difficult to connect; GoldenSHERPA makes it simple.,"Senior living communities commit thousands of dollars and resources to find leads to fill empty beds, but not all leads are good. GoldenSHERPA provides senior communities a subscription-based online senior living marketplace bypassing referral costs and outdated communication modes, allowing communities and appropriate users to match in real-time, creating actionable referrals, reducing the cost, time, and frustration of filling an empty bed. ",Healthcare Services,Product In Market,"Spokane, WA, USA",,,$,N/A,,N/A,N/A,N/A,N/A,50000,"2021 SAC 19 Quarter Final, 2021 SAC 19 ",,3,0,0,0,0,3.333333333,02/24/2021,Question: Referred By - Answer: Jaren Schwartz
MeowTalk LLC,http://gust.com/deals/1165323,"Translate your cat's meows with MeowTalk, the app that uses Machine learning to help owners develop a deeper bond with their feline companion.","MeowTalk is an application that helps users understand their cats on a deeper level by translating their meows, allowing them to better serve their cats’ needs for health, safety and nurturing, while strengthening their bond with their cats in the process. MeowTalk isn't just an app - it is a platform that hosts a collection of cat health services, with the goal of helping cats to enjoy longer, healthier, and happier lives.",Media and Entertainment,Product In Market,"Bellevue, WA, USA",series_seed,500000,$,Convertible Note,,N/A,N/A,N/A,N/A,,2021 SAC 19,,3,0,0,0,0,3.833333333,02/24/2021,Question: Referred By - Answer:
Memoryz,http://gust.com/deals/1165333,"Memoryz supports families experiencing dementia through our digital caregiving community, chat-based companionship and task reminders.","Memoryz functions as a stand-alone caregiver (CG) app or a family-focused caregiver-care receiver (CR) app. At its core, CGs use Memoryz to create task reminders, schedule events for their loved one & receive self-care reminders/mood support from other CGs via our chatbot Iris. Adding a CR interface allows CGs to send reminders directly to their loved ones, receive instant updates on completion and introduce Iris-based support for companionship.",Healthcare Services,Full Product Ready,"Toronto, ON, Canada",series_seed,500000,$,Preferred Equity,2500000,N/A,N/A,N/A,N/A,,2021 SAC 19,,3,0,0,0,0,3.510416667,02/24/2021,Question: Referred By - Answer: Kate Fuller Ghaffari
NURA Medical Inc.,http://gust.com/deals/1165334,Building technology to innovate patient care,"At NURA Medical, our mission is to improve patient safety and clinical efficiency. As such, we are developing a semi-automated IV medication assistant to reduce the incidence of adverse effects related to bolus IV medication within emergency departments and to relieve the burden that medication preparation poses on nurses.",Medical Devices and Equipment,Product In Development,"Montreal, QC, Canada",friends_and_family,500000,$,N/A,,N/A,N/A,N/A,N/A,,2021 SAC 19,,0,0,0,0,0,1.766666667,02/24/2021,Question: Referred By - Answer:
Pictory.AI,http://gust.com/deals/1165335,"Pictory is the AI that helps marketers say more with less. 
","The #1 challenge for social media marketers today is constantly creating fresh and engaging short-form content. Meanwhile, their companies are sitting on mountains of long-form content, blogs, webinars, or podcasts. Pictory uses AI to produce a month of multimedia social content out of a single blog post, webinar, or podcast in minutes. With over 1000 users and several dozen paying customers, we are seeing early signals of a product-market fit.
",Internet / Web Services,Product In Market,"Bothell, WA, USA",series_seed,800000,$,Convertible Note,,5000000,20,5,24,150000,"2021 SAC 19 Semi-Finalists, 2021 SAC 19 Quarter Final, 2021 SAC 19 ",,3,0,0,0,0,3.571428571,02/24/2021,Question: Referred By - Answer: John Sechrest
"Pathfinder Health, Inc.",http://gust.com/deals/1165349,Clinically-focused parenting app and digital health platform to detect and accelerate care for developmental delay (1 in 5 children).,"A parent-centric digital health platform to increase detection of developmental delay conditions (affects 1 in 5 children) and faster access to care for better outcomes. We have an asset light business model, compete in $500B market segments, and have an aggregated customer acquisition model with built-in viral mechanics. We are partnered with Children’s Hosp Phila. and Dept. of Defense. In active discussions with P&G, J&J, and Zero to Three.",Healthcare Services,Product In Market,"Seattle, WA, USA",series_seed,500000,$,Convertible Note,,7500000,20,10,36,400000,2021 SAC 19,,1,0,0,0,0,2.833333333,02/24/2021,Question: Referred By - Answer: Dan Kanivas
Touria™,http://gust.com/deals/1165363,"TOURIA is a lifestyle brand that builds innovative products, connects communities, and creates experiential events to help unlock human productivity.","TOURIA is in early-stage startup mode, creating a new lane within work from anywhere for individuals in a business or learning environment. The current vision is a 3-prong approach: first with the launch of consumer products that enhance productivity and creativity. Next to bring individuals together through community connectivity (App) and social media. Finally, conjoining those two through curated experiences and events.
",Consumer Products,Product In Development,"Philadelphia, PA, USA",series_seed,150000,$,Preferred Equity,4000000,N/A,N/A,N/A,N/A,10500,2021 SAC 19,,1,0,0,0,0,3.138888889,02/25/2021,"Question: Referred By - Answer: Nicole Mirchandani
Kate Fuller Ghaffari"
Easeenet.com,http://gust.com/deals/1165364,"Your digital estate, made easy","Easeenet makes your online life easy to see-- for you today, & your family tomorrow.

For you today, enjoy an easy-to-use, organized password manager.

For your family tomorrow, we help you effortlessly organize & preserve your digital estate, with document storage & sharing, journaling, & a legacy worksheet to capture critical life details.

We launched in April 2020 & have ~2,600 paying subscribers.

More info: https://onepager.vc/easeenet",Consumer Services,Product In Market,"Portland, OR, USA",series_seed,1000000,$,Convertible Note,,5000000,N/A,N/A,N/A,225000,"2021 SAC 19 Semi-Finalists, 2021 SAC 19 Quarter Final, 2021 SAC 19 ",,3,1,0,0,0,3.69047619,02/25/2021,Question: Referred By - Answer:
SensoDrive Technology,http://gust.com/deals/1165370,"SensoDrive's marketplace connects multi-modal transport to parking and charging in multi-story buildings on-demand, anytime regardless of any gated barriers.","More than 30% of all parking, EV charging, bike cages in cities like Vancouver are behind secure gates and unused. This is missed revenue opportunity for building owners. At the same time, carshares and delivery fleets pay lots in parking & towing fees. SensoDrive brings these parties together in a new marketplace. Its platform solves the first & last mile challenge for multi-modal transport to have flexible on-demand access at affordable rates.",Clean Technology,Product In Market,"Vancouver, BC, Canada",series_seed,200000,$,Convertible Note,,6500000,15,2,36,260000,2021 SAC 19,,1,1,0,0,0,3.472222222,02/25/2021,"Question: Referred By - Answer: Troy DeFrank, Edwina Ramirez, Rob Fiddick, John Sechrest"
Scout9,http://gust.com/deals/1165374,In-Context Commerce for dogs -  empowering pet partners to manage their dog’s life events - making smarter decisions centered around their wellbeing.,"We provide personalized Pocket Scouts that guide users in dealing with their dog’s individual life events and automatically scout the market to build solutions based on who they - and their dogs - are as individuals. 

For $8/mo or 10% of your order, our AI will automatically acquire goods and schedule appointments for your dog's life events on your behalf. Allowing you to track and improve your dog's wellbeing in the process. ",Consumer Services,Prototype Ready,"Seattle, WA, USA",friends_and_family,350000,$,Common Equity,5800000,N/A,N/A,N/A,N/A,260000,2021 SAC 19,,0,0,0,0,0,2.930555556,02/25/2021,Question: Referred By - Answer: John Sechrest
SportsTrace,http://gust.com/deals/1165375,Sports training software solution for the Sports $16B Player Tracking and Analytics segment.,"SportsTrace delivers AI video automation to help athletes succeed. Whether on the field of play or in the training room, use your phone and SportsTrace does the rest. SportsTrace provides more than data - you get actionable recommendations and personalized insights to help you understand how to more easily get better - faster.",Sports,Full Product Ready,"Sammamish, WA, USA",series_seed,750000,$,Convertible Note,,7500000,N/A,N/A,N/A,135002,2021 SAC 19,,0,0,0,0,0,3.4,02/25/2021,Question: Referred By - Answer:
innov8.ag,http://gust.com/deals/1165376,"Empowering growers with data, bringing together disparate on & off-farm data to enable farmers to make informed management decisions based on Machine Learning.","innov8.ag enables data-informed farming for agricultural producers, bringing together disparate on & off-farm data to enable farmers to make informed management decisions based on Machine Learning (ML). Our differentiated approach leverages agronomist expertise through PhD researchers from land-grant universities & ag-centric colleges; providing them with data sources, big data capabilities, & ML tools paired with farmer expertise and experience.",Agriculture,Prototype Ready,"Walla Walla, WA, USA",series_seed,2500000,$,Convertible Note,,N/A,20,N/A,N/A,370000,"2021 SAC 19 Quarter Final, 2021 SAC 19 ",,4,0,0,0,0,3.729166667,02/25/2021,Question: Referred By - Answer: WTIA
seeCOLe (see Clinical data On Lens),http://gust.com/deals/1165378,seeCOLe is an augmented reality app that empowers Clinicians to document & navigate the EHR hands-free using voice commands and displays info on glasses.,"seeCOLe stands for (see Clinical data On Lens) and is an augmented reality (AR) health app designed to make it easier for clinicians to access, edit, and review patient data from the EHR hands-free by voice command. 
 
- Based on Google Glass and Vuzix Blade platforms
- Serves as a perfect rounding tool, allowing providers to navigate medical records hands-free
",Healthcare Services,Full Product Ready,"Sunrise, FL, USA",series_seed,300000,$,N/A,,N/A,N/A,N/A,N/A,,2021 SAC 19,,1,1,0,0,0,2.5,02/25/2021,Question: Referred By - Answer:
Votegrity Inc,http://gust.com/deals/1165394,Votegrity brings the ballot box to the voter with end-to-end verification.,"Votegrity helps its customers run better elections.  We deliver state of the art online election services enabling organizations to conduct their elections more efficiently and cost effectively, while increasing voter participation, confidence, and satisfaction.  Our Election Success Experts can help your organization enjoy the benefits of moving your voting process online while removing wasted paper and postage.",Software,Product In Market,"Seattle, WA 98111, USA",series_seed,250000,$,Convertible Note,,2000000,20,6,18,55000,"2021 SAC 19 Semi-Finalists, 2021 SAC 19 Quarter Final, 2021 SAC 19 ",,1,0,0,0,0,3.75,02/25/2021,Question: Referred By - Answer: Brianna McDonald
City Pods,http://gust.com/deals/1165397,The most cost-effective solution to scale affordable accommodations,"City Pods efficiently convert underutilized real estate into temporary accommodations. Affordable housing for people experiencing homelessness will take decades to construct using traditional methods. Plus, with integrated hotel technology, City Pods is positioned to provide hostel travelers, seasonal workers in expensive resort areas, and weary travelers at major airport terminals with affordable accommodations.",Real Estate,Product In Development,"Seattle, WA, USA",series_seed,500000,$,Convertible Note,,3000000,15,5,24,100000,"2021 SAC 19 Quarter Final, 2021 SAC 19 ",,5,0,0,0,0,3.948717949,02/25/2021,Question: Referred By - Answer:
SaaSMAX Corp.,http://gust.com/deals/1165403,PartnerOptimizer by SaaSMAX uses big data to help B2B technology companies find resellers and sales partners.,"Did you know that 65% ($2.4T) of all B2B tech sales go through resellers?! SaaSMAX is the first global reseller partner discovery and insights SaaS platform for tech companies that go-to-market through reseller partners. Our proprietary data and SaaS platform eliminate manual, expensive processes; accelerate reseller recruitment and sales; and improve productivity. Customers include HP, LogMeIn and other well-knowns. Case studies on saasmax.com.",Software,Product In Market,"San Diego, CA, USA",series_seed,5000000,$,Common Equity,,N/A,N/A,N/A,N/A,825000,"2021 SAC 19 Semi-Finalists, 2021 SAC 19 Quarter Final, 2021 SAC 19 ",,2,0,0,0,0,3.62962963,02/25/2021,Question: Referred By - Answer: Invited by Wes Johnson
Authentic Herbals,http://gust.com/deals/1165406,"Joyroot creates, makes and sells low sugar, USDA organic, plant-based food and beverages that are both nutritious and refreshing.  ","Joyroot creates value added, low sugar, organic beverages.  The brand's first products are ready-to-drink, herbal teas.  

Ancient herbal ingredients, tulsi (aka holy basil) and hibiscus, are the anchor ingredients in the line up. Tulsi is sourced directly from a farm in Oregon. Real fruit is blended with herbal teas, creating pleasantly refreshing products.  

Products are sold direct-to-consumer, to distributors and to retailers. ",Food and Beverage,Product In Market,"Seattle, WA 98111, USA",series_seed,200000,$,Convertible Note,,12000000,20,8,18,,2021 SAC 19,,3,0,0,0,0,2.981481481,02/25/2021,Question: Referred By - Answer:
Mindbase,http://gust.com/deals/1165408,Mindbase is a detection and intervention platform for critical teams designed to identify at-risk personnel during calls-for-service for on-demand support.,"Mindbase aims to be the leader in detection and intervention that improves the mental health of first responders. By integrating into public safety agency dispatch systems, our app proactively provides guided support and coordinated care to personnel when they need it most by evaluating their incident exposure and provides public safety leaders the ability to intervene before health issues have an affect on personnel and the agency.",Software,Product In Market,"Seattle, WA, USA",series_seed,150000,$,Convertible Note,,1400000,20,7,18,25000,2021 SAC 19,,1,0,0,0,0,3.111111111,02/25/2021,Question: Referred By - Answer: Minda Brusse
Wisecube AI,http://gust.com/deals/1165410,Biomedical knowledge engine that synthesizes the world's exponentially growing datasets to help accelerate drug discovery & clinical research.,"Biomedical data is growing at an exponential rate and scientists and clinicians are unable to keep up causing major delays in care. Our biomedical knowledge engine synthesizes all of this data into a semantic graph and helps accelerates drug discovery R&D & clinical decision support. We do this through our patent pending AI/ML platform built by our team of AI/ML, cloud & UI veterans. We monetize our offering through SaaS based product licensing.",Healthcare Services,Product In Market,"Seattle, WA, USA",series_seed,500000,$,Convertible Note,,5000000,20,5,60,400000,2021 SAC 19,,3,0,0,0,0,3.30952381,02/25/2021,Question: Referred By - Answer: Greg Chappell
Community Collaboratory,http://gust.com/deals/1165413,"Community Collaboratory is a website/app that makes it easy for community members to offer and receive brief, safe, and flexible social support.","Community Collaboratory (CC) is developing a website/app that allows community members to offer and request brief, safe, and flexible social support locally. Community Collaboratory primarily uses a B-B business model and hopes to partner with health insurance companies and hospitals to reduce re-hospitalizations and annual medical claims for adults with disabilities. ",Healthcare Services,Prototype Ready,"Seattle, WA, USA",friends_and_family,100000,$,Preferred Equity,,N/A,N/A,N/A,N/A,0,2021 SAC 19,,0,0,0,0,1,2.583333333,02/25/2021,"Question: Referred By - Answer: Dr. Will Canestaro, PhD, WRF Capital"
Play World,http://gust.com/deals/1165436,A fresh look at Family indoor entertainment and alternative education.,"Family and Education: Large part of our business model is focused on delivering education in such way that is understandable and fun for entire family. Diversity in Play: Our business model is designed in such way that will never get boring for anyone attending. Food: Latest trends in fun centers across the US is built in restaurants. Business has a great growth potential. Remember: Our kids define our future, we define their present.",Gaming,Prototype Ready,"Seattle, WA, USA",series_seed,1200000,$,Convertible Note,,2200000,N/A,4,36,,2021 SAC 19,,0,0,0,0,2,2.791666667,02/25/2021,Question: Referred By - Answer: Wes
ControlMap Inc.,http://gust.com/deals/1165437,ControlMap helps companies WIN MORE DEALS & GARNER MORE TRUST by automating and accelerating their path to cybersecurity compliance & audit readiness.,"ControlMap Cybersecurity Assurance Platform helps companies win more deals and garner more trust by becoming audit-ready in few days compared to months.  The in-built cloud compliance posture management gives ControlMap an edge over other players in this space. Lead by a well-rounded team and with early traction, ControlMap revenues are projected to be $100K in  Q1. The primary focus for sale is via Channel Partners and Managed Service Providers",Software,Product In Market,"Bellevue, WA, USA",series_seed,700000,$,Convertible Note,,4000000,10,N/A,N/A,,"2021 SAC 19 Semi-Finalists, 2021 SAC 19 Quarter Final, 2021 SAC 19 ",,3,0,0,0,0,3.238095238,02/25/2021,Question: Referred By - Answer: No. Found by GUST
Kinisi,http://gust.com/deals/1165440,Kinisi is a digital health start up that combines real-time wearable sensor data with cloud medical-grade diagnostics for orthopedic and rehab applications.,"Kinisi (a hardware enabled SaaS company) fuses wearable sensors with cloud diagnostics for orthopedic, training, and rehab applications.

Our K1 wireless skin for the knee that streams 50+ dimensions of joint motion data in real-time to our dashboard. Trainers, athletes, and doctors, can use data to prevent injuries, train-better, and improve performance.

Kinisi will expand to workplace, clinical, military, and general health in the future.
",Software,Prototype Ready,"Santa Cruz, CA, USA",series_seed,950000,$,Convertible Note,,N/A,N/A,N/A,N/A,,"2021 SAC 19 Quarter Final, 2021 SAC 19 ",,2,0,0,0,0,2.991666667,02/25/2021,Question: Referred By - Answer:
BuzzIt Inc,http://gust.com/deals/1165458,The Powersuit for Your Livestream Event,"Event hosts are stuck. Livestreams are not enough, and they're losing relevancy because of it. Virtual Platforms are attractive but unrealistic. Our clients pair BuzzIt with their livestream to offer participants what they're missing: a way to discover, interact and connect with each other before, during and after the event.

We sell unlimited event subscriptions with an aim to become part of our clients daily toolkits.",Software,Product In Market,"Vancouver, BC, Canada",series_seed,500000,$,Common Equity,2500000,N/A,N/A,N/A,N/A,129500,"2021 SAC 19 Quarter Final, 2021 SAC 19 ",,3,0,0,0,0,3.548611111,02/25/2021,Question: Referred By - Answer:
Symbiosis LLC,http://gust.com/deals/1165537,We are the WeWork++ for Physicians and Healthcare providers.,"Symbiosis provides practice-in-a-box healthcare practice management solutions, including co-located practice space, front and back office, marketing, managed using our task based proprietary practice management software. 

Our solutions enable healthcare professionals to start and grow their own private practices in a fraction of the time and cost it would take them otherwise.

Current MRR is $21k, serving 30 providers across 13 clinics.",Healthcare Services,$500K in TTM Revenue,"Washington D.C., DC, USA",series_seed,500000,$,Convertible Note,,2500000,15,6,24,,2021 SAC 19,,1,0,0,0,0,3.4375,02/26/2021,Question: Referred By - Answer: Vikram Wani
Nurse Screen App,http://gust.com/deals/1165538,"A digital occupational health tool that makes it easy to keep workers informed, safe, and healthy.","Nurse Screen App is a self-screening tool based on CDC guidelines, education, and resources in one location.

Business model is based on a one-time project fee and monthly subscription based on users. Also, consulting and onsite services based on need. 

There is a potential source of revenue with partnerships with providers, labs, pharmacies, and personal protective equipment suppliers.
",Healthcare Services,Product In Market,"Tulsa, OK 74102, USA",founder,200000,$,Convertible Note,,N/A,N/A,N/A,N/A,,2021 SAC 19,,0,0,0,0,1,1.361111111,02/26/2021,Question: Referred By - Answer: Nursing Innovation Hub
"Rock Stable Token, Inc.",http://gust.com/deals/1165539,"We are using a USD-equivalent stablecoin, ROKS, to help Filipino overseas workers reduce the cost of sending money back home to support their families.","There are 10 million Filipinos working outside of the Philippines. They send money back home regularly, to the tune of $32.21 billion last year. Traditional methods of remittance cost Filipino overseas workers about 5% of the amount sent. Using our stablecoin ROKS, we can reduce this cost down to 1% or even less.

Initially, ROKS remittance cost is between 2 to 3% which will go down to 1% by popularizing the use of ROKS as medium of exchange",Fintech,Prototype Ready,"Bellevue, WA, USA",series_seed,200000,$,Common Equity,2500000,N/A,N/A,N/A,N/A,121000,2021 SAC 19,,0,0,0,0,2,2.541666667,02/26/2021,"Question: Referred By - Answer: Wes Johnson, John Sechrest"
Neupeak Robotics,http://gust.com/deals/1165540,AI enabled autonomous robots addressing fruit harvesting challenges,"Neupeak has developed Autonomous robots that operate 3X human pickers’ efficiency when compared side by side (including costs, speed, operating hours and conditions). 
Our current model involves selling a fruit picking service to the farmers. We will be competitive with human pickers by charging a $0.35 for every pound of strawberries we pick, which directly translates to a total market of $3B/Yr in North America alone. ",Agriculture,Prototype Ready,"Surrey, BC V3Z 3V7, Canada",series_seed,500000,$,Convertible Note,,4000000,20,5,24,,"2021 SAC 19 Semi-Finalists, 2021 SAC 19 Quarter Final, 2021 SAC 19 ",,6,0,0,0,0,3.5,02/26/2021,Question: Referred By - Answer:
Jar,http://gust.com/deals/1165542,Our app facilitates the distribution of valued consumer products to users through a skill-based variation of an all-pay auction.,"We are a partnership that is developing a web-app that allows users to participate in a variation of an all-pay auction process for consumer products. Users will be able to connect to a third-party payment system and place bids on specific items. When items are ""live,"" users can view information to help them decide when to place their bid. The timing of the bid relative to a threshold of accumulated bids will determine who receives the item.",Mobile,Product In Development,"Portland, OR, USA",friends_and_family,,$,N/A,,N/A,N/A,N/A,N/A,,2021 SAC 19,,0,0,0,0,1,1.880952381,02/26/2021,Question: Referred By - Answer:
RailVision Analytics,http://gust.com/deals/1165543,"We are building a transportation enterprise solution that uses AI to help railroads save fuel, improve safety, and predict maintenance operations.","We are a B2B SaaS business using AI to help railroads save fuel, improve safety, and predict maintenance operations.

Our software uses a company's data to suggest driving improvements to save fuel, all while providing transparency for vehicle performance, health, and suggested maintenance actions.

We have already completed a proof-of-concept project for Metrolinx which is currently saving over 1.5M litres of diesel annually.
",Transportation,Prototype Ready,"Montreal, QC, Canada",series_seed,600000,$,Convertible Note,,4000000,20,5,36,,2021 SAC 19,,2,0,0,0,0,3.666666667,02/26/2021,"Question: Referred By - Answer: Centech Propulsion Program (Montreal, QC, Canada)"
Crowd Capital,http://gust.com/deals/1165550,Enabling US families to keep their homes and regain financial stability,Crowd Capital is launching a fully-integrated fintech platform powered by machine learning to help hundreds of thousands of US families facing foreclosure keep their homes and become financially stable while maximizing returns for investors in a socially responsible way. Our team has already proven the solution across a $50M portfolio of non-performing residential notes with demonstrated market-beating returns.,Fintech,Product In Development,"Miami, FL, USA",friends_and_family,1000000,$,Convertible Note,,5000000,20,N/A,N/A,222000,"2021 SAC 19 Quarter Final, 2021 SAC 19 ",,5,0,0,0,0,3.555555556,02/26/2021,Question: Referred By - Answer: Noel G. - Saw our profile on AngelList and contacted us through LinkedIn
FriendWithA,http://gust.com/deals/1165551,A fully insured peer to peer rental marketplace to borrow almost anything.,"FriendWithA is a fully insured peer to peer rental marketplace to borrow almost anything. Either browse gear for rent, or earn up to $1,000 a month renting out your unused equipment. 

Founded in 2018, FriendWithA has generated over $60,000 in rentals since inception and grew 5x from 2019 to 2020. 

Earning 42% per transaction. Building the brand with everyday items, and eventually capturing larger more lucrative markets like cars and boats. ",Marketing / Advertising,Product In Market,"Seattle, WA, USA",other,750000,$,Convertible Note,,2500000,20,2,24,150000,"2021 SAC 19 Quarter Final, 2021 SAC 19 ",,3,0,0,0,0,3.537878788,02/26/2021,Question: Referred By - Answer: John Sechrest
AWL-Electricity,http://gust.com/deals/1165552,We transfer wireless electricity to power various mobile devices.,"AWL-Electricity is a Montreal-based company specializing in wireless electricity transfer; the next generation of power transfer that will allow industries to reach their full potential. We have already generated strong traction from our clients and partners, due to the adaptable design and endless opportunities for commercialization. The transfer of electricity is made by a transmitter and a receiver.",Other,Product In Development,"Montreal, QC, Canada",series_seed,800000,$,Convertible Note,,50000000,80,0,48,25000,"2021 SAC 19 Quarter Final, 2021 SAC 19 ",,2,0,0,0,0,3.380952381,02/26/2021,Question: Referred By - Answer: Centech: Montreal Incubator from ETS (École de Technologie Supérieure)
"TartanHUB, Inc.",http://gust.com/deals/1165555,Delivering easy-to-use Shipment Visibility to Freight Forwarders and their Shipper customers,"TartanHUB’s Shipment Visibility product is designed for Freight Forwarders and their Shipper customers. Freight Forwarders pay us a monthly subscription for access to various product tiers (with unlimited users) and an incremental charge for each shipper. 

We make tracking complex international logistics business shipments as intuitive as how Amazon displays your toilet paper’s delivery status.
",Internet / Web Services,Prototype Ready,"Seattle, WA, USA",friends_and_family,760000,$,Convertible Note,,7000000,20,6,30,,2021 SAC 19,,0,0,0,0,0,2.8,02/26/2021,"Question: Referred By - Answer: WTIA Cohort 5 - Dave Parker, Nick Ellingston"
Job Swiper,http://gust.com/deals/1165556,Job Swiper uses dating site technology to help users swipe right on their perfect job!,"Job Swiper is built on the idea that when we're looking for a new job or employee, we're really looking for a long term relationship. I use dating site ideas and tech, to match companies to their perfect employee. Job seekers can boost their own presence to companies per hour, week, month or quarter with a subscription. Employers can list jobs for a low fee, or pay extra to be featured. ",Mobile,Prototype Ready,"Tacoma, WA, USA",series_seed,300000,$,Common Equity,4000000,N/A,N/A,N/A,N/A,,2021 SAC 19,,1,0,0,0,0,2.3,02/26/2021,Question: Referred By - Answer: Meetup
Streamline Athletes,http://gust.com/deals/1165565,"Streamline Athletes is a sports recruitment platform that democratizes access to education and sport for athletes, while saving colleges time and money.","Streamline Athletes is a two-sided platform that services high school student-athletes in their recruitment journeys to the collegiate level and offers recruitment solutions to college and university sports programs.

We democratize access to sport and education; save athletes and families time and money, while instilling confidence in their post-secondary decision; and save 80% of time and money collegiate coaches currently spend on recruiting. ",Software,Product In Market,"Vancouver, BC, Canada",series_seed,1000000,$,Preferred Equity,,N/A,N/A,N/A,N/A,422500,2021 SAC 19,,1,0,0,0,0,3.19047619,02/26/2021,"Question: Referred By - Answer: Jon Harris - BuzzIt
Susan Blanchet - Origen Air
Aman Thind - Nava Ventures"
"Lurve, Inc.",http://gust.com/deals/1165566,"Lurve is designed to be the first member-centered, neuro-integrated, ad-free, social platform.","Lurve provides a safe social experience on an exclusive platform for screened, paying members. Events are made accessible to members and the general public. Content is curated and shared in a 24/7 radio, a visual art gallery, a Lurve-approved business directory, and a library with verifiable new sources. Monthly e-zines include the platform's most-lurved content, Lurve's Culture Guide, and are made available to members and the general public.",Internet / Web Services,Product In Development,"Olympia, WA, USA",series_seed,250000,$,Convertible Note,,2000000,20,6,12,,2021 SAC 19,,1,0,0,0,0,2.785714286,02/26/2021,Question: Referred By - Answer: Dave Parker and John Sechrest.
Cascadia Carbon,http://gust.com/deals/1165569,"""Fitbit for Carbon"" - Democratizing the Voluntary Carbon Offset Markets with carbon-neutral, crowdsourced carbon credits. ","Carbon Codex calculates your carbon footprint from your personal travel and generates carbon offsets when you bike, walk, use an EV, and make other low-carbon and ecological choices. By using our patented carbon-neutral cryptocurrency token, CODEX, you can monetize your ecological actions with ""crowdsourced carbon credits"" including you as a offset producer into the $10 billion dollar per year voluntary carbon offset market.",Clean Technology,Prototype Ready,"Vancouver, BC, Canada",series_seed,888000,$,Convertible Note,,4800000,90,7,72,150000,2021 SAC 19,,1,1,0,0,0,2.461538462,02/26/2021,Question: Referred By - Answer: David Rose
PopSmartKids,http://gust.com/deals/1165570,A writing solution that empowers early childhood educators to inspire even the most reluctant writer. Reimagine engaged learning.,"PopSmartKids is a learning solution that empowers early-childhood educators to inspire the next generation of writers.
Children hate writing while it continues to be the most essential skill no matter what career paths students chose.
Our storywriting app PopSmartWrite makes writing fun for elementary students by incorporating art, images and drawing. It allows teachers to efficiently mentor students, and track progress. ",Education,Product In Market,"Seattle, WA, USA",series_seed,500000,$,Convertible Note,,N/A,N/A,N/A,N/A,,2021 SAC 19,,2,0,0,0,0,2.712121212,02/26/2021,Question: Referred By - Answer: John Sechrest
esguard.io Corporation,http://gust.com/deals/1165586,Internet Protection for the Rest of Us,"Sentrie personal cybersecurity technology from esguard.io Corporation provides consumers with a new comprehensive, easy-to-use solution to protect their personal privacy and security while stopping advertisements, tracking systems, and phishing schemes on their mobile devices. Sentrie is monetized as a subscription-based app at less than $2/month.  Sentrie has been commercialized on the Google Play Store since 2019 with more than 54,000 users. ",Security,Product In Market,"San Diego, CA 92154, USA",series_seed,1100000,$,Convertible Note,,5000000,20,6,36,40000,2021 SAC 19,,3,0,0,0,1,3.371212121,02/26/2021,Question: Referred By - Answer: Jerry Yen
HealthFlow.io,http://gust.com/deals/1165636,"Health care delivery is broken, driven by reimbursement, fragmented by disparate care and stovepiped systems, and friction-filled for patients and providers. ","HealthFlow is Mint for health care.  Our patient-centric SaaS platform allows everyone to benefit from coordinated care, higher visibility of their health data and health care journey, and immediate access to their health record (to include dental and vision records), and care profile. HealthFlow destroys the differentiator between those who have and those who have not.

We democratize seamless, concierge health care delivery for everyone.",Medical Devices and Equipment,Product In Development,"Alexandria, VA, USA",series_seed,250000,$,N/A,,N/A,N/A,N/A,N/A,27000,2021 SAC 19,,5,0,0,0,0,2.166666667,02/26/2021,Question: Referred By - Answer: Wes Johnson
FiveForces,http://gust.com/deals/1165638,Creating the worlds first holistic disaster management business for preparation and response.,"Five Forces is a for profit disaster preparation and response start-up. Nobody is targeting a comprehensive community integrated solution. We have identified three target areas with basic traction in each: Family Emergency Syatem, Nat. Community Prep Service, Supplies Air Drop System. Air Drop has emerged as likely first revenue within 3 months. Our business models are: Consumer Product; Business Product, IP License, Public Private Partnership. 
",Consumer Products,Product In Development,"Seattle, WA, USA",series_seed,350000,$,Common Equity,3500000,N/A,N/A,N/A,N/A,15000,2021 SAC 19,,1,0,0,0,0,3.291666667,02/26/2021,Question: Referred By - Answer: John Sechrest
Lambda Science,http://gust.com/deals/1165650,AI-powered solutions to help build more energy efficient homes,"We address the data and communication gap in the small residential construction sector by supplying our customers with AI-powered new generation of building designs capable of maintaining exceptional occupant comfort without increase in construction costs. 
Target market: governments/ cities, homebuilders, homeowners
Business Model : License-based, subscription per active project, savings-based
(quantized), partnerships and affiliations.
",Clean Technology,Product In Market,"Vancouver, BC, Canada",series_seed,500000,$,Common Equity,3000000,N/A,N/A,N/A,N/A,,2021 SAC 19,,2,1,0,0,0,3.458333333,02/26/2021,Question: Referred By - Answer:
Violett Inc.,http://gust.com/deals/1165655,"Violett uses UVC light to kill airborne pathogens, including SARS-CoV-2, safely near people and directly in the air instead of only on surfaces.","Violett developed a new technology to disinfect airborne pathogens and will revolutionize the air purification industry. By increasing the time air remains inside of an internal UVC disinfecting chamber by 50x, Violett kills viruses in one pass through the device. Competing products either trap and accumulate pathogens in filters, or take significantly longer to disinfect the air. Pay per unit cost plus recurring revenue for replacement parts.",Electronics / Instrumentation,Prototype Ready,"Gig Harbor, WA 98332, USA",series_seed,1000000,$,Convertible Note,,6000000,25,7,18,,2021 SAC 19,,2,0,0,0,0,3.555555556,02/27/2021,"Question: Referred By - Answer: Minda Brusse, First Row Partners, via a UW CoMotion Due Diligence presentation."
EduFunder,http://gust.com/deals/1165668,We make it easy for impact-driven brands to win over the most powerful consumer demographic on the planet by sponsoring GenZ's education in real-time.,"Welcome to EduFunder! 

EduFunder = ""Edu""cation ""fund""ing for the next generation of academic all stars.

EduFunder fast tracks money to bright and aspiring students to help pay for college or university.

We match verified students with donations, sponsorship money and scholarship awards, in real-time.

Our revenue model is like GoFundMe that averages 10% of donations in platform ""tips"", generating $10M profit per 100,000 students.

",Fintech,Full Product Ready,"Nelson, BC, Canada",series_seed,500000,$,Common Equity,500000,N/A,N/A,N/A,N/A,,2021 SAC 19,,3,0,0,0,0,2.993055556,02/27/2021,Question: Referred By - Answer: Kate Fuller Ghaffari
CloudPlex.io,http://gust.com/deals/1165675,"CloudPlex.io is a low-code SaaS platform for cloud application developers, eliminating inefficiencies in the cloud application development process.","Cloudplex SaaS platform simplifies cloud application development, increases the productivity of the developers by 40%, cuts down time to market by 25%, and reduces productivity losses to the enterprise by billions. Like GitHub and Atlasssian, we offer a freemium model - free for small-scale development, value grows with scale & production. Our users are developers, and the enterprises are the paying customers. Our user base is growing rapidly.",Software,Product In Market,"Redmond, WA, USA",series_seed,250000,$,Convertible Note,,8000000,20,5,18,,2021 SAC 19,,4,0,0,0,1,3.316666667,02/27/2021,Question: Referred By - Answer:
Hottrok,http://gust.com/deals/1165706,"Our product, Hottrok, is a performance-based tiling substrate that serves as a radiant heat carrier and has both thermal and acoustic insulating properties.
","Hottrok LLC operates as a retail/wholesale material provider for the construction industry distributing our own patent pending product: Hottrok. Its design allows the professional to set systems and complete his or her tiling projects in the most predictable, efficient and cost effective way. We plan to manage, market and distribute our product across the USA, Canada and beyond.
",Construction,Full Product Ready,"Newport News, VA, USA",series_seed,150000,$,Common Equity,,N/A,N/A,N/A,N/A,35000,,,0,0,0,0,0,3.083333333,02/27/2021,Question: Referred By - Answer:
Fresh Grease,http://gust.com/deals/1165747,"Bike maintenance made simple. 
Find compatible components for your bike, learn bike maintenance skills, and shop parts for mountain, road, and gravel bikes.","Fresh Grease is an eCommerce site that makes buying compatible parts for your bike easy. Instead of spending hours researching what parts to buy, performance cyclists enter their bike's make, model, and year on our site to receive personalized compatible part recommendations driven by our bike database and component compatibility algorithms. We generate revenue from commissions on dropship sales and licensing our database to cycling brands.",Retailing / Distribution,Product In Development,"Seattle, WA 98111, USA",friends_and_family,50000,$,Convertible Note,,N/A,N/A,N/A,N/A,10000,2021 SAC 19,,1,0,0,0,0,3.401515152,02/27/2021,"Question: Referred By - Answer: Gary Ritner of PSVC (Mentor conversation a long before launching Fresh Grease - ""when the time comes, apply"") "
Web42,http://gust.com/deals/1165835,"We connect neighbors more privately, securely and inclusively than ever before.","Web42 helps neighbors smoothly connect lives & resources. We expand local opportunities from within & without. We help bring back the neighborhood.

To accomplish this, we built KYN (Know Your Neighbors), a decentralized network of neighborhood networks. We are building human-centric dApps for neighbors to build IRL social networks & connect resources like enterprises. 

Our profit model does not exploit. It partners.
",Software,Prototype Ready,"Bremerton, WA, USA",founder,100000,$,Common Equity,,N/A,N/A,N/A,N/A,100000,2021 SAC 19,,1,1,0,0,1,2.316666667,03/01/2021,Question: Referred By - Answer: WTIA Founders Cohort
"Cathaid, Inc.",http://gust.com/deals/1165866,Cathaid™ provides Healthcare a superior solution to the life-threatening problems associated w/ inadequate securement and maintenance of central line catheters.,The problems with central catheter securement cost healthcare $billions and increase patient risk. Today's standard of care consists of three products which are difficult to apply and subject to failure. Catheter migrations must be monitored with x-rays. Cathaid replaces the flawed standard of care with one simple device.  It provides superior securement (reducing infection risk) and includes a patented migration indicator to eliminate x-rays.,Medical Devices and Equipment,Product In Market,"Atlanta, GA, USA",series_seed,400000,$,Common Equity,,N/A,N/A,N/A,N/A,420000,"2021 SAC 19 Quarter Final, 2021 SAC 19 ",,2,0,0,0,2,3.711111111,03/01/2021,Question: Referred By - Answer:
Mindcurrent,http://gust.com/deals/1166019,Be kind to your brain,"Mindcurrent helps teams reduce stress and rebuild resilience each day, saving our corporate clients tens of thousands of dollars each month in absenteeism, fatigue, and stress-related healthcare costs. We predict each team member's daily performance pattern and provide personalized recommendations from experts. With employee engagement rates 2X higher than the industry average, we've been described by NPR Radio as a ""Fitbit for your brain"". ",Healthcare Services,Full Product Ready,"Beaverton, OR, USA",series_seed,600000,$,Common Equity,5000000,N/A,N/A,N/A,N/A,855000,"2021 SAC 19 Quarter Final, 2021 SAC 19 ",,8,0,0,0,0,3.371794872,03/02/2021,Question: Referred By - Answer: Kate Fuller Ghaffari and John Sechrest
Epilogue Systems LLC,http://gust.com/deals/1167446,"Epilogue makes learning and using enterprise applications easier with Opus, the fastest and easiest Digital Adoption Solution for the enterprise market.","Epilogue Systems sells a B2B SaaS product, Opus, a Digital Adoption Solution targeting enterprise applications.. Opus launched Q3 2018, matured in 2019, experienced a strong 2020 and currently has $850K ARR with 33 mid-market and large customers. In 2020, Epilogue made a technology breakthrough that will result in 90% less cost and effort than competitive products. Investor webpage: https://www.epiloguesystems.com/potential-investors/, pw=OpusDAS",Software,$1M in TTM Revenue,"Villanova, PA, USA",series_seed,3000000,$,Preferred Equity,6000000,N/A,N/A,N/A,N/A,,,,0,0,0,0,0,,03/11/2021,Question: Referred By - Answer:
FitForm Technologies Inc,http://gust.com/deals/1168793,"Go from good to great using FitLift, a mobile application plus motion-tracking wearable that gives real time feedback and post training analysis to trainers.","FitLift provides trainers with detailed feedback on their clients' form and exertion levels during a workout, helping them drive success. Simply put our device on an athletes wrist and pair it with our app, and we show trainers and athletes their movement in 3D in real-time during exercise. FitLift also tracks workout pace, heart rate, and helps decide when to increase weight or rep count to reach an athletes fitness goals. Go from good to great!",Software,Full Product Ready,"Seattle, WA, USA",series_seed,1600000,$,Common Equity,7000000,N/A,N/A,N/A,N/A,183500,,,0,0,0,0,0,,03/21/2021,Question: Referred By - Answer: